timestamp,indicator,market_slug,window_min,side,entry_price,exit_price,entry_time,exit_time,hold_seconds,exit_reason,stake_usd,effective_stake_usd,shares,pnl_usd,price_to_beat,current_price_entry,exchange_median_entry,take_profit_pct,min_exit_pct,entry_open_window_sec,max_hold_sec
2026-04-24T22:31:50.712Z,Scalp Force 15m,btc-updown-15m-1777069800,15,DOWN,0.53,0.77,2026-04-24T22:30:46.974Z,2026-04-24T22:31:50.712Z,63.7,tp_hit,1,2.65,5,1.2,77570.59,77562.804,77562.3,75,58,200,300
2026-04-24T23:38:01.607Z,Scalp Force 15m,btc-updown-15m-1777073400,15,UP,0.53,0.68,2026-04-24T23:33:00.581Z,2026-04-24T23:38:01.607Z,301,timeout_min_exit,1,2.65,5,0.75,77432.03,77437.51059033378,77443.74,75,58,600,300
2026-04-24T23:51:35.537Z,Scalp Force 15m,btc-updown-15m-1777074300,15,DOWN,0.54,0.61,2026-04-24T23:46:34.621Z,2026-04-24T23:51:35.537Z,300.9,timeout_min_exit,1,2.7,5,0.35,77452.48,77451.77573,77451.2,75,58,600,150
2026-04-25T00:07:28.146Z,Scalp Force 15m,btc-updown-15m-1777075200,15,DOWN,0.52,0.29,2026-04-25T00:04:57.540Z,2026-04-25T00:07:28.145Z,150.6,timeout_force_exit,1,2.6,5,-1.15,77454.0610017746,77441.793,77436,75,58,600,150
2026-04-25T01:21:50.715Z,Scalp Force 15m,btc-updown-15m-1777079700,15,UP,0.52,0.38,2026-04-25T01:16:50.200Z,2026-04-25T01:21:50.714Z,300.5,timeout_force_exit,1,2.6,5,-0.7,77532.102,77536.37,77539.19,75,58,600,300
2026-04-25T01:32:16.873Z,Scalp Force 15m,btc-updown-15m-1777080600,15,UP,0.51,0.75,2026-04-25T01:30:00.939Z,2026-04-25T01:32:16.873Z,135.9,tp_hit,1,2.55,5,1.2,77508.22364361584,77508.22364361584,77509.67,75,58,600,300
2026-04-25T01:45:45.716Z,Scalp Force 15m,btc-updown-15m-1777081500,15,UP,0.52,0.75,2026-04-25T01:45:10.028Z,2026-04-25T01:45:45.716Z,35.7,tp_hit,1,2.6,5,1.15,77582.53265488899,77595.3,77595.33,75,58,600,300
2026-04-25T02:09:10.031Z,Scalp Force 15m,btc-updown-15m-1777082400,15,UP,0.53,0.76,2026-04-25T02:08:56.576Z,2026-04-25T02:09:10.030Z,13.5,tp_hit,1,2.65,5,1.15,77561.04,77565.86664,77568.8,75,58,600,300
2026-04-25T02:21:01.057Z,Scalp Force 15m,btc-updown-15m-1777083300,15,DOWN,0.53,0.35,2026-04-25T02:16:00.113Z,2026-04-25T02:21:01.056Z,300.9,timeout_force_exit,1,2.65,5,-0.9,77568.189,77564.82708272846,77566.51,75,58,600,300
2026-04-25T02:36:55.093Z,Scalp Force 15m,btc-updown-15m-1777084200,15,UP,0.5,0.39,2026-04-25T02:31:55.043Z,2026-04-25T02:36:55.093Z,300.1,timeout_force_exit,1,2.5,5,-0.55,77655.5,77659.65083385329,77660.55,75,58,600,300
2026-04-25T02:57:22.918Z,Scalp Force 15m,btc-updown-15m-1777085100,15,UP,0.52,0.63,2026-04-25T02:52:21.972Z,2026-04-25T02:57:22.918Z,300.9,timeout_min_exit,1,2.6,5,0.55,77645.98,77649.1431,77651.2,75,58,600,300
2026-04-25T03:23:02.087Z,Scalp Force 15m,btc-updown-15m-1777086900,15,DOWN,0.53,0.27,2026-04-25T03:18:00.812Z,2026-04-25T03:23:02.087Z,301.3,timeout_force_exit,1,2.65,5,-1.3,77598.40336302457,77594.04228496992,77596.34,75,58,600,300
2026-04-25T03:47:28.956Z,Scalp Force 15m,btc-updown-15m-1777088700,15,UP,0.51,0.75,2026-04-25T03:45:13.425Z,2026-04-25T03:47:28.956Z,135.5,tp_hit,1,2.55,5,1.2,77695.82,77702.39226014532,77710.9,75,58,600,300
2026-04-25T04:05:13.962Z,Scalp Force 15m,btc-updown-15m-1777089600,15,UP,0.54,0.33,2026-04-25T04:00:12.797Z,2026-04-25T04:05:13.962Z,301.2,timeout_force_exit,1,2.7,5,-1.05,77692.53257318483,77696.99908467749,77699.91,75,58,600,300
2026-04-25T04:23:14.999Z,Scalp Force 15m,btc-updown-15m-1777090500,15,UP,0.5,0.34,2026-04-25T04:18:14.519Z,2026-04-25T04:23:14.999Z,300.5,timeout_force_exit,1,2.5,5,-0.8,77695.26,77698.68,77702.5,75,58,600,300
2026-04-25T04:54:27.390Z,Scalp Force 15m,btc-updown-15m-1777092300,15,DOWN,0.56,0.39,2026-04-25T04:49:26.221Z,2026-04-25T04:54:27.389Z,301.2,timeout_force_exit,1,2.8,5,-0.85,77632.43,77626.62,77629.93,75,58,600,300
2026-04-25T05:01:26.170Z,Scalp Force 15m,btc-updown-15m-1777093200,15,DOWN,0.52,0.76,2026-04-25T05:00:03.219Z,2026-04-25T05:01:26.169Z,83,tp_hit,1,2.6,5,1.2,77641.505,77641.501,77641.16,75,58,600,300
2026-04-25T05:54:49.860Z,Scalp Force 15m,btc-updown-15m-1777095900,15,DOWN,0.52,0.55,2026-04-25T05:49:48.219Z,2026-04-25T05:54:49.859Z,301.6,timeout_force_exit,1,2.6,5,0.15,77555.82,77549.32,77552.53,75,58,600,300
2026-04-25T06:46:12.882Z,Scalp Force 15m,btc-updown-15m-1777099500,15,DOWN,0.51,0.48,2026-04-25T06:45:44.232Z,2026-04-25T06:46:12.882Z,28.7,trailing_stop,1,2.55,5,-0.15,77546.00757887722,77546.11232801195,77545.77,75,58,300,300
2026-04-25T06:57:15.499Z,Scalp Force 15m,btc-updown-15m-1777099500,15,DOWN,0.46,0.45,2026-04-25T06:57:07.607Z,2026-04-25T06:57:15.498Z,7.9,trailing_stop,1,2.3,5,-0.05,77558.7118778065,77552.7,77555.54,75,58,800,300
2026-04-25T06:57:45.839Z,Scalp Force 15m,btc-updown-15m-1777099500,15,DOWN,0.45,0.44,2026-04-25T06:57:16.825Z,2026-04-25T06:57:45.839Z,29,trailing_stop,1,2.25,5,-0.05,77558.7118778065,77553.13823,77555.54,75,58,800,300
2026-04-25T07:01:11.740Z,Scalp Force 15m,btc-updown-15m-1777100400,15,DOWN,0.49,0.65,2026-04-25T07:00:06.671Z,2026-04-25T07:01:11.740Z,65.1,trailing_stop,1,2.45,5,0.8,77524.4,77510.238,77510,75,58,800,300
2026-04-25T07:02:39.883Z,Scalp Force 15m,btc-updown-15m-1777100400,15,DOWN,0.54,0.75,2026-04-25T07:01:39.796Z,2026-04-25T07:02:39.883Z,60.1,tp_hit,1,2.7,5,1.05,77524.4,77500.45845,77500,75,58,800,300
2026-04-25T07:37:36.133Z,Scalp Force 15m,btc-updown-15m-1777102200,15,UP,0.54,0.51,2026-04-25T07:36:11.159Z,2026-04-25T07:37:36.133Z,85,trailing_stop,1,2.7,5,-0.15,77529.27,77558.3293681477,77558.89,75,58,600,300
2026-04-25T07:55:03.983Z,Scalp Force 15m,btc-updown-15m-1777103100,15,UP,0.54,0.46,2026-04-25T07:50:03.245Z,2026-04-25T07:55:03.982Z,300.7,timeout_force_exit,1,2.7,5,-0.4,77548.48521710603,77543.4771,77548.49,75,58,900,900
2026-04-25T07:55:20.287Z,Scalp Force 15m,btc-updown-15m-1777103100,15,UP,0.46,0.46,2026-04-25T07:55:05.316Z,2026-04-25T07:55:20.287Z,15,trailing_stop,1,2.3,5,0,77548.48521710603,77557.67945,77559.9,75,58,900,900
2026-04-25T07:55:24.246Z,Scalp Force 15m,btc-updown-15m-1777103100,15,UP,0.42,0.41,2026-04-25T07:55:21.608Z,2026-04-25T07:55:24.246Z,2.6,trailing_stop,1,2.1,5,-0.05,77548.48521710603,77558.08364,77559.8,75,58,900,900
2026-04-25T07:55:30.827Z,Scalp Force 15m,btc-updown-15m-1777103100,15,UP,0.43,0.43,2026-04-25T07:55:25.552Z,2026-04-25T07:55:30.827Z,5.3,trailing_stop,1,2.15,5,0,77548.48521710603,77558.07653,77559.8,75,58,900,900
2026-04-25T07:55:54.592Z,Scalp Force 15m,btc-updown-15m-1777103100,15,UP,0.43,0.47,2026-04-25T07:55:32.142Z,2026-04-25T07:55:54.592Z,22.5,trailing_stop,1,2.15,5,0.2,77548.48521710603,77558.08419,77559.8,75,58,900,900
2026-04-25T08:00:29.726Z,Scalp Force 15m,btc-updown-15m-1777104000,15,DOWN,0.52,0.52,2026-04-25T08:00:04.167Z,2026-04-25T08:00:29.726Z,25.6,trailing_stop,1,2.6,5,0,77520.16,77514.6061558264,77514.26,75,58,900,900
2026-04-25T08:00:42.898Z,Scalp Force 15m,btc-updown-15m-1777104000,15,DOWN,0.53,0.49,2026-04-25T08:00:31.032Z,2026-04-25T08:00:42.898Z,11.9,trailing_stop,1,2.65,5,-0.2,77520.16,77512.81349,77510,75,58,900,900
2026-04-25T08:01:48.812Z,Scalp Force 15m,btc-updown-15m-1777104000,15,DOWN,0.5,0.47,2026-04-25T08:00:44.210Z,2026-04-25T08:01:48.812Z,64.6,trailing_stop,1,2.5,5,-0.15,77520.16,77517.40475,77510,75,58,900,900
2026-04-25T08:03:06.752Z,Scalp Force 15m,btc-updown-15m-1777104000,15,DOWN,0.47,0.45,2026-04-25T08:01:50.128Z,2026-04-25T08:03:06.751Z,76.6,trailing_stop,1,2.35,5,-0.1,77520.16,77522.80271,77510,75,58,900,900
2026-04-25T08:08:38.981Z,Scalp Force 15m,btc-updown-15m-1777104000,15,UP,0.54,0.58,2026-04-25T08:08:30.881Z,2026-04-25T08:08:38.981Z,8.1,tp_trailing_stop,1,2.7,5,0.2,77520.16,77581.55,77578.9,75,58,900,900
2026-04-25T08:19:17.196Z,Scalp Force 15m,btc-updown-15m-1777104900,15,UP,0.54,0.49,2026-04-25T08:17:05.914Z,2026-04-25T08:19:17.196Z,131.3,trailing_stop,1,2.7,5,-0.25,77577.77,77585.24,77579.5,75,58,900,900
2026-04-25T08:28:45.457Z,Scalp Force 15m,btc-updown-15m-1777104900,15,UP,0.54,0.75,2026-04-25T08:28:12.020Z,2026-04-25T08:28:45.456Z,33.4,tp_trailing_stop,1,2.7,5,1.05,77570.61,77594.58,77583.9,75,58,900,900
2026-04-25T08:33:20.701Z,Scalp Force 15m,btc-updown-15m-1777105800,15,UP,0.52,0.57,2026-04-25T08:33:08.330Z,2026-04-25T08:33:20.701Z,12.4,trailing_stop,1,2.6,5,0.25,77592.96,77660.10958,77657.7,75,58,900,900
2026-04-25T08:34:17.375Z,Scalp Force 15m,btc-updown-15m-1777105800,15,UP,0.47,0.49,2026-04-25T08:33:23.329Z,2026-04-25T08:34:17.375Z,54,trailing_stop,1,2.35,5,0.1,77592.96,77653.03492110767,77657.29,75,58,900,900
2026-04-25T08:58:19.355Z,Scalp Force 15m,btc-updown-15m-1777106700,15,DOWN,0.49,0.47,2026-04-25T08:57:50.483Z,2026-04-25T08:58:19.355Z,28.9,trailing_stop,1,2.45,5,-0.1,77650.83,77641.47383,77638.3,75,58,900,900
2026-04-25T09:00:03.243Z,Scalp Force 15m,btc-updown-15m-1777106700,15,DOWN,0.49,0,2026-04-25T08:58:27.245Z,2026-04-25T09:00:03.242Z,96,expiry_loss,1,2.45,5,-2.45,77650.83,77638.91,77638.3,75,58,900,900
2026-04-25T16:19:42.056Z,Scalp Force 15m,btc-updown-15m-1777133700,15,UP,0.54,0.37,2026-04-25T16:15:03.244Z,2026-04-25T16:19:42.056Z,278.8,decay_stop_force_exit,1,2.7,5,-0.85,77470.50872648212,77470.50872648212,77471.75,75,58,900,900
2026-04-25T16:22:36.031Z,Scalp Force 15m,btc-updown-15m-1777133700,15,DOWN,0.54,0.6,2026-04-25T16:20:07.449Z,2026-04-25T16:22:36.031Z,148.6,trailing_stop,1,2.7,5,0.3,77470.50872648212,77441.32278903647,77448.38,75,58,900,900
2026-04-25T16:45:26.284Z,Scalp Force 15m,btc-updown-15m-1777135500,15,UP,0.54,0.51,2026-04-25T16:45:02.772Z,2026-04-25T16:45:26.283Z,23.5,trailing_stop,1,2.7,5,-0.15,77389.721,77389.721,77400.8,75,58,900,900
2026-04-25T16:47:45.866Z,Scalp Force 15m,btc-updown-15m-1777135500,15,UP,0.51,0.4,2026-04-25T16:45:28.988Z,2026-04-25T16:47:45.866Z,136.9,decay_stop_force_exit,1,2.55,5,-0.55,77389.721,77416.32266,77400.7,75,58,900,900
2026-04-25T17:22:57.075Z,Scalp Force 15m,btc-updown-15m-1777137300,15,UP,0.53,0.77,2026-04-25T17:22:21.421Z,2026-04-25T17:22:57.075Z,35.7,tp_trailing_stop,1,2.65,5,1.2,77378.51073,77389.47249117088,77378.9,75,58,900,900
2026-04-25T17:33:25.084Z,Scalp Force 15m,btc-updown-15m-1777138200,15,DOWN,0.51,0.76,2026-04-25T17:32:31.045Z,2026-04-25T17:33:25.084Z,54,tp_trailing_stop,1,2.55,5,1.25,77349.04596245407,77343.55639618514,77344.22,75,58,900,900
2026-04-25T17:48:56.398Z,Scalp Force 15m,btc-updown-15m-1777139100,15,DOWN,0.51,0.46,2026-04-25T17:45:30.128Z,2026-04-25T17:48:56.398Z,206.3,trailing_stop,1,2.55,5,-0.25,77329.7690651502,77320.19056098191,77323.1,75,58,900,900
2026-04-25T18:22:13.352Z,Scalp Force 15m,btc-updown-15m-1777140900,15,DOWN,0.53,0.37,2026-04-25T18:21:27.417Z,2026-04-25T18:22:13.352Z,45.9,hard_stop,1,2.65,5,-0.8,77302.93951328071,77289.606875,77290.88,75,58,900,900
2026-04-25T18:24:36.293Z,Scalp Force 15m,btc-updown-15m-1777140900,15,UP,0.53,0.35,2026-04-25T18:24:32.311Z,2026-04-25T18:24:36.292Z,4,trailing_stop,1,2.65,5,-0.9,77302.93951328071,77315.67348445595,77313.2,75,58,900,900
2026-04-25T18:25:10.899Z,Scalp Force 15m,btc-updown-15m-1777140900,15,DOWN,0.53,0.35,2026-04-25T18:24:41.832Z,2026-04-25T18:25:10.899Z,29.1,hard_stop,1,2.65,5,-0.9,77302.93951328071,77293.07066,77295,75,58,900,900
2026-04-25T18:31:50.274Z,Scalp Force 15m,btc-updown-15m-1777141800,15,UP,0.53,0.77,2026-04-25T18:30:06.671Z,2026-04-25T18:31:50.274Z,103.6,tp_trailing_stop,1,2.65,5,1.2,77340.72519812376,77341.5539419619,77342.38,75,58,900,900
2026-04-25T19:04:25.678Z,Scalp Force 15m,btc-updown-15m-1777143600,15,DOWN,0.54,0.38,2026-04-25T19:00:03.594Z,2026-04-25T19:04:25.678Z,262.1,hard_stop,1,2.7,5,-0.8,77318.36451761523,77318.36451761523,77309.6,75,58,900,900
2026-04-25T19:14:31.400Z,Scalp Force 15m,btc-updown-15m-1777143600,15,UP,0.53,0.84,2026-04-25T19:12:41.167Z,2026-04-25T19:14:31.399Z,110.2,tp_trailing_stop,1,2.65,5,1.55,77318.36451761523,77334.16252710977,77334.98,75,58,900,900
2026-04-25T19:18:33.706Z,Scalp Force 15m,btc-updown-15m-1777144500,15,UP,0.51,0.47,2026-04-25T19:15:09.655Z,2026-04-25T19:18:33.705Z,204.1,trailing_stop,1,2.55,5,-0.2,77345.63384473622,77345.93831350918,77348.5,75,58,900,900
2026-04-25T19:34:17.339Z,Scalp Force 15m,btc-updown-15m-1777145400,15,DOWN,0.51,0.64,2026-04-25T19:32:20.770Z,2026-04-25T19:34:17.339Z,116.6,trailing_stop,1,2.55,5,0.65,77272.67861955092,77262.24784810918,77261.2,75,58,900,900
2026-04-25T20:01:27.876Z,Scalp Force 15m,btc-updown-15m-1777147200,15,UP,0.54,0.52,2026-04-25T20:00:24.511Z,2026-04-25T20:01:27.876Z,63.4,trailing_stop,1,2.7,5,-0.1,77340.25770484841,77358.35927181016,77355.9,75,58,900,900
2026-04-25T20:04:17.711Z,Scalp Force 15m,btc-updown-15m-1777147200,15,UP,0.51,0.51,2026-04-25T20:01:58.699Z,2026-04-25T20:04:17.711Z,139,trailing_stop,1,2.55,5,0,77340.25770484841,77344.24095285652,77345.02,75,58,900,900
2026-04-25T20:04:40.044Z,Scalp Force 15m,btc-updown-15m-1777147200,15,UP,0.51,0.33,2026-04-25T20:04:19.028Z,2026-04-25T20:04:40.044Z,21,hard_stop,1,2.55,5,-0.9,77340.25770484841,77356.45614752913,77355.81,75,58,900,900
2026-04-25T20:10:51.445Z,Scalp Force 15m,btc-updown-15m-1777147200,15,UP,0.53,0.74,2026-04-25T20:09:23.703Z,2026-04-25T20:10:51.445Z,87.7,tp_trailing_stop,1,2.65,5,1.05,77340.25770484841,77350.4104074602,77348.3,75,58,900,900
2026-04-25T20:16:01.475Z,Scalp Force 15m,btc-updown-15m-1777148100,15,UP,0.51,0.47,2026-04-25T20:15:48.064Z,2026-04-25T20:16:01.475Z,13.4,trailing_stop,1,2.55,5,-0.2,77371.01,77375.95,77380.89,75,58,900,900
2026-04-25T21:02:13.812Z,Scalp Force 15m,btc-updown-15m-1777150800,15,UP,0.51,0.76,2026-04-25T21:01:58.071Z,2026-04-25T21:02:13.812Z,15.7,tp_trailing_stop,1,2.55,5,1.25,77491.95,77498.23677,77499.9,75,58,900,900
2026-04-25T21:27:31.268Z,Scalp Force 15m,btc-updown-15m-1777151700,15,DOWN,0.54,0.35,2026-04-25T21:26:55.672Z,2026-04-25T21:27:31.268Z,35.6,hard_stop,1,2.7,5,-0.95,77517.16707,77509.7034729493,77509.69,75,58,900,900
2026-04-26T14:35:50.469Z,Scalp Force 15m,btc-updown-15m-1777213800,15,UP,0.51,0.35,2026-04-26T14:35:00.575Z,2026-04-26T14:35:50.468Z,49.9,hard_stop,1,2.55,5,-0.8,78060.08,78077.19876,78082,75,58,900,900
2026-04-26T14:39:54.602Z,Scalp Force 15m,btc-updown-15m-1777213800,15,UP,0.53,0.56,2026-04-26T14:39:08.528Z,2026-04-26T14:39:54.602Z,46.1,trailing_stop,1,2.65,5,0.15,78072.44,78075.19611,78076.5,75,58,900,900
2026-04-26T15:01:50.324Z,Scalp Force 15m,btc-updown-15m-1777215600,15,UP,0.53,0.51,2026-04-26T15:00:03.438Z,2026-04-26T15:01:50.324Z,106.9,trailing_stop,1,2.65,5,-0.1,78105.25831,78105.25904,78109.24,75,58,900,900
2026-04-26T15:03:01.742Z,Scalp Force 15m,btc-updown-15m-1777215600,15,UP,0.52,0.51,2026-04-26T15:01:51.751Z,2026-04-26T15:03:01.741Z,70,trailing_stop,1,2.6,5,-0.05,78105.25831,78117.1872168478,78119.32,75,58,900,900
2026-04-26T15:09:32.243Z,Scalp Force 15m,btc-updown-15m-1777215600,15,UP,0.52,0.48,2026-04-26T15:08:30.924Z,2026-04-26T15:09:32.243Z,61.3,trailing_stop,1,2.6,5,-0.2,78110.23636600596,78110.11340688445,78110.79,75,58,900,900
2026-04-26T15:10:55.768Z,Scalp Force 15m,btc-updown-15m-1777215600,15,UP,0.51,0.51,2026-04-26T15:10:24.515Z,2026-04-26T15:10:55.768Z,31.3,trailing_stop,1,2.55,5,0,78102.11,78104.57335,78106.26,75,58,900,900
2026-04-26T15:11:51.867Z,Scalp Force 15m,btc-updown-15m-1777215600,15,UP,0.52,0.53,2026-04-26T15:10:57.135Z,2026-04-26T15:11:51.866Z,54.7,trailing_stop,1,2.6,5,0.05,78102.11,78110.88699,78112.4,75,58,900,900
2026-04-26T15:17:25.423Z,Scalp Force 15m,btc-updown-15m-1777216500,15,UP,0.51,0.58,2026-04-26T15:16:00.788Z,2026-04-26T15:17:25.423Z,84.6,trailing_stop,1,2.55,5,0.35,78104.18547,78108.58359,78110,75,58,900,900
2026-04-26T15:23:07.249Z,Scalp Force 15m,btc-updown-15m-1777216500,15,DOWN,0.53,0.57,2026-04-26T15:21:24.843Z,2026-04-26T15:23:07.249Z,102.4,trailing_stop,1,2.65,5,0.2,78134.32073668785,78102.01041793331,78104.29,75,58,900,900
2026-04-26T15:24:02.595Z,Scalp Force 15m,btc-updown-15m-1777216500,15,DOWN,0.52,0.79,2026-04-26T15:23:18.148Z,2026-04-26T15:24:02.594Z,44.4,tp_trailing_stop,1,2.6,5,1.35,78134.32073668785,78095.75807,78090.8,75,58,900,900
2026-04-26T15:29:59.857Z,Scalp Force 15m,btc-updown-15m-1777216500,15,UP,0.54,0.9,2026-04-26T15:29:36.153Z,2026-04-26T15:29:59.856Z,23.7,tp_trailing_stop,1,2.7,5,1.8,78067.70675,78080.22464607556,78092.85,75,58,900,900
2026-04-26T15:32:11.906Z,Scalp Force 15m,btc-updown-15m-1777217400,15,UP,0.52,0.36,2026-04-26T15:30:04.262Z,2026-04-26T15:32:11.905Z,127.6,hard_stop,1,2.6,5,-0.8,78113.18123,78120.98,78117.29,75,58,900,900
2026-04-26T15:55:51.752Z,Scalp Force 15m,btc-updown-15m-1777218300,15,UP,0.51,0.51,2026-04-26T15:53:04.888Z,2026-04-26T15:55:51.752Z,166.9,trailing_stop,1,2.55,5,0,78058.56808488596,78060.16167889125,78065.01,75,58,900,900
2026-04-26T16:00:13.920Z,Scalp Force 15m,btc-updown-15m-1777219200,15,UP,0.52,0.54,2026-04-26T16:00:01.666Z,2026-04-26T16:00:13.920Z,12.3,trailing_stop,1,2.6,5,0.1,78065.2461,78065.2461,78068.9,75,58,900,900
2026-04-26T16:13:10.283Z,Scalp Force 15m,btc-updown-15m-1777219200,15,UP,0.51,0.2,2026-04-26T16:12:10.821Z,2026-04-26T16:13:10.283Z,59.5,hard_stop,1,2.55,5,-1.55,78053.87450260742,78064.79271401431,78073.2,75,58,900,900
2026-04-26T16:46:02.665Z,Scalp Force 15m,btc-updown-15m-1777221900,15,DOWN,0.54,0.54,2026-04-26T16:45:22.266Z,2026-04-26T16:46:02.665Z,40.4,trailing_stop,1,2.7,5,0,78014.83616280445,77993.45478067409,77980,75,58,900,900
2026-04-26T16:46:53.619Z,Scalp Force 15m,btc-updown-15m-1777221900,15,DOWN,0.54,0.48,2026-04-26T16:46:17.412Z,2026-04-26T16:46:53.618Z,36.2,trailing_stop,1,2.7,5,-0.3,78014.83616280445,77996.83003173115,77981.68,75,58,900,900
2026-04-26T17:01:16.163Z,Scalp Force 15m,btc-updown-15m-1777222800,15,DOWN,0.51,0.63,2026-04-26T17:00:15.476Z,2026-04-26T17:01:16.162Z,60.7,trailing_stop,1,2.55,5,0.6,77939.80937,77923.95633001513,77918.9,75,58,900,900
2026-04-26T17:19:52.771Z,Scalp Force 15m,btc-updown-15m-1777223700,15,UP,0.53,0.48,2026-04-26T17:17:00.206Z,2026-04-26T17:19:52.771Z,172.6,trailing_stop,1,2.65,5,-0.25,78035.68031157786,78035.50507624954,78044.3,75,58,900,900
2026-04-26T17:29:22.075Z,Scalp Force 15m,btc-updown-15m-1777223700,15,UP,0.53,0.59,2026-04-26T17:29:13.991Z,2026-04-26T17:29:22.075Z,8.1,trailing_stop,1,2.65,5,0.3,78035.68031157786,78038.5,78042.99,75,58,900,900
2026-04-26T17:30:01.451Z,Scalp Force 15m,btc-updown-15m-1777223700,15,UP,0.51,0,2026-04-26T17:29:48.789Z,2026-04-26T17:30:01.451Z,12.7,expiry_loss,1,2.55,5,-2.55,78035.68031157786,78031.30381775215,78037.4,75,58,900,900
2026-04-26T17:51:51.616Z,Scalp Force 15m,btc-updown-15m-1777225500,15,UP,0.54,0.65,2026-04-26T17:49:56.859Z,2026-04-26T17:51:51.615Z,114.8,trailing_stop,1,2.7,5,0.55,78033.3447,78048.37536295361,78047.7,75,58,900,900
2026-04-26T18:16:46.318Z,Scalp Force 15m,btc-updown-15m-1777227300,15,UP,0.52,0.64,2026-04-26T18:15:23.562Z,2026-04-26T18:16:46.318Z,82.8,trailing_stop,1,2.6,5,0.6,78117.19429,78127.0625986362,78119.79,75,58,900,900
2026-04-26T18:32:19.285Z,Scalp Force 15m,btc-updown-15m-1777228200,15,UP,0.51,0.51,2026-04-26T18:31:45.044Z,2026-04-26T18:32:19.285Z,34.2,trailing_stop,1,2.55,5,0,78201.39,78207.79216,78203.7,75,58,900,900
2026-04-26T18:33:04.695Z,Scalp Force 15m,btc-updown-15m-1777228200,15,UP,0.51,0.38,2026-04-26T18:32:20.650Z,2026-04-26T18:33:04.695Z,44,decay_stop_force_exit,1,2.55,5,-0.65,78201.39,78216.43790969465,78221.44,75,58,900,900
2026-04-26T18:39:40.702Z,Scalp Force 15m,btc-updown-15m-1777228200,15,UP,0.53,0.36,2026-04-26T18:39:20.310Z,2026-04-26T18:39:40.702Z,20.4,hard_stop,1,2.65,5,-0.85,78201.39,78203.13578,78203.6,75,58,900,900
2026-04-26T18:49:24.392Z,Scalp Force 15m,btc-updown-15m-1777229100,15,UP,0.51,0.69,2026-04-26T18:46:29.398Z,2026-04-26T18:49:24.392Z,175,trailing_stop,1,2.55,5,0.9,78229.32,78246.60253,78248.5,75,58,900,900
2026-04-26T19:16:05.166Z,Scalp Force 15m,btc-updown-15m-1777230900,15,UP,0.54,0.66,2026-04-26T19:15:24.083Z,2026-04-26T19:16:05.165Z,41.1,trailing_stop,1,2.7,5,0.6,78410.17103,78468.06,78483.23,75,58,900,900
2026-04-26T19:50:25.658Z,Scalp Force 15m,btc-updown-15m-1777232700,15,UP,0.53,0.79,2026-04-26T19:46:57.032Z,2026-04-26T19:50:25.658Z,208.6,tp_trailing_stop,1,2.65,5,1.3,78201.58538,78207.70259695422,78211.6,75,58,900,900
2026-04-26T20:13:36.365Z,Scalp Force 15m,btc-updown-15m-1777233600,15,DOWN,0.54,0.76,2026-04-26T20:13:11.145Z,2026-04-26T20:13:36.365Z,25.2,tp_trailing_stop,1,2.7,5,1.1,78264.80327,78251.6570161933,78259.2,75,58,900,900
2026-04-26T20:18:49.335Z,Scalp Force 15m,btc-updown-15m-1777234500,15,DOWN,0.54,0.54,2026-04-26T20:17:55.770Z,2026-04-26T20:18:49.335Z,53.6,trailing_stop,1,2.7,5,0,78205.22,78202.6237607401,78205.04,75,58,900,900
2026-04-26T20:20:41.159Z,Scalp Force 15m,btc-updown-15m-1777234500,15,DOWN,0.54,0.65,2026-04-26T20:18:50.684Z,2026-04-26T20:20:41.159Z,110.5,trailing_stop,1,2.7,5,0.55,78205.22,78188.15368032751,78198.23,75,58,900,900
2026-04-26T20:49:01.127Z,Scalp Force 15m,btc-updown-15m-1777236300,15,UP,0.53,0.41,2026-04-26T20:48:43.816Z,2026-04-26T20:49:01.126Z,17.3,decay_stop_force_exit,1,2.65,5,-0.6,78310.89,78336.30809999819,78350,75,58,900,900
2026-04-26T21:01:02.232Z,Scalp Force 15m,btc-updown-15m-1777237200,15,DOWN,0.51,0.35,2026-04-26T21:00:03.959Z,2026-04-26T21:01:02.232Z,58.3,hard_stop,1,2.55,5,-0.8,78219.40915818377,78217.18501390149,78218.16,75,58,900,900
2026-04-26T21:15:50.414Z,Scalp Force 15m,btc-updown-15m-1777238100,15,DOWN,0.51,0.47,2026-04-26T21:15:09.029Z,2026-04-26T21:15:50.413Z,41.4,trailing_stop,1,2.55,5,-0.2,78264.3389200889,78261.93340696015,78262.18,75,58,900,900
2026-04-26T21:23:16.463Z,Scalp Force 15m,btc-updown-15m-1777238100,15,DOWN,0.51,0.33,2026-04-26T21:19:26.871Z,2026-04-26T21:23:16.463Z,229.6,hard_stop,1,2.55,5,-0.9,78264.3389200889,78261.96414570858,78263.9,75,58,900,900
2026-04-26T21:32:11.369Z,Scalp Force 15m,btc-updown-15m-1777239000,15,DOWN,0.53,0.79,2026-04-26T21:30:11.330Z,2026-04-26T21:32:11.368Z,120,tp_trailing_stop,1,2.65,5,1.3,78214.12,78214.12,78201.77,75,58,900,900
2026-04-26T21:46:36.381Z,Scalp Force 15m,btc-updown-15m-1777239900,15,DOWN,0.52,0.76,2026-04-26T21:45:14.323Z,2026-04-26T21:46:36.381Z,82.1,tp_trailing_stop,1,2.6,5,1.2,78015.32,77991.868,77987.6,75,58,900,900
2026-04-26T22:01:17.076Z,Scalp Force 15m,btc-updown-15m-1777240800,15,UP,0.54,0.63,2026-04-26T22:01:02.190Z,2026-04-26T22:01:17.075Z,14.9,decay_stop_min_exit,1,2.7,5,0.45,78430.79,78497.71554,78474.55,75,58,900,900
2026-04-26T23:19:09.921Z,Scalp Force 15m,btc-updown-15m-1777245300,15,DOWN,0.53,0.69,2026-04-26T23:17:05.548Z,2026-04-26T23:19:09.920Z,124.4,tp_trailing_stop,5,5,9.434,1.5095,78373.52588887865,78364.13252051498,78362.48,75,58,900,900
2026-04-26T23:30:24.941Z,Scalp Force 15m,btc-updown-15m-1777246200,15,DOWN,0.51,0.64,2026-04-26T23:30:08.338Z,2026-04-26T23:30:24.941Z,16.6,trailing_stop,5,5,9.8039,1.2745,78177.39962881459,78154.68580054588,78162.39,75,58,900,900
2026-04-26T23:31:08.887Z,Scalp Force 15m,btc-updown-15m-1777246200,15,DOWN,0.53,0.46,2026-04-26T23:31:05.495Z,2026-04-26T23:31:08.887Z,3.4,decay_stop_force_exit,5,5,9.434,-0.6604,78177.39962881459,78101.8366,78084.53,75,58,900,900
2026-04-26T23:47:01.597Z,Scalp Force 15m,btc-updown-15m-1777247100,15,UP,0.51,0.47,2026-04-26T23:45:36.972Z,2026-04-26T23:47:01.597Z,84.6,trailing_stop,5,5,9.8039,-0.3922,78617.61100246845,78632.834,78627.3,75,58,900,900
2026-04-26T23:48:28.587Z,Scalp Force 15m,btc-updown-15m-1777247100,15,UP,0.51,0.58,2026-04-26T23:47:42.197Z,2026-04-26T23:48:28.586Z,46.4,trailing_stop,5,5,9.8039,0.6863,78617.61100246845,78621.45608943459,78618.2,75,58,900,900
2026-04-27T00:00:26.579Z,Scalp Force 15m,btc-updown-15m-1777248000,15,UP,0.52,0.51,2026-04-27T00:00:13.632Z,2026-04-27T00:00:26.579Z,12.9,trailing_stop,5,5,9.6154,-0.0961,78672.70273248065,78670.88714741179,78678.7,75,58,900,900
2026-04-27T00:01:01.999Z,Scalp Force 15m,btc-updown-15m-1777248000,15,UP,0.53,0.72,2026-04-27T00:00:27.946Z,2026-04-27T00:01:01.999Z,34.1,tp_trailing_stop,5,5,9.434,1.7925,78672.70273248065,78701.75102672899,78698.4,75,58,900,900
2026-04-27T00:15:52.834Z,Scalp Force 15m,btc-updown-15m-1777248900,15,DOWN,0.52,0.54,2026-04-27T00:15:04.428Z,2026-04-27T00:15:52.834Z,48.4,trailing_stop,5,5,9.6154,0.1923,78592.1,78579.17102604486,78577.29,75,58,900,900
2026-04-27T00:16:46.907Z,Scalp Force 15m,btc-updown-15m-1777248900,15,DOWN,0.51,0.49,2026-04-27T00:16:06.802Z,2026-04-27T00:16:46.907Z,40.1,trailing_stop,5,5,9.8039,-0.1961,78592.1,78598.34441916176,78581.88,75,58,900,900
2026-04-27T00:20:08.482Z,Scalp Force 15m,btc-updown-15m-1777248900,15,DOWN,0.52,0.33,2026-04-27T00:19:48.430Z,2026-04-27T00:20:08.481Z,20.1,decay_stop_force_exit,5,5,9.6154,-1.8269,78592.1,78608.78,78577.3,75,58,900,900
2026-04-27T00:30:47.358Z,Scalp Force 15m,btc-updown-15m-1777249800,15,DOWN,0.51,0.58,2026-04-27T00:30:11.196Z,2026-04-27T00:30:47.358Z,36.2,trailing_stop,5,5,9.8039,0.6863,78499.45817531316,78475.03517134469,78480.56,75,58,900,900
2026-04-27T00:31:25.233Z,Scalp Force 15m,btc-updown-15m-1777249800,15,DOWN,0.54,0.57,2026-04-27T00:30:59.305Z,2026-04-27T00:31:25.233Z,25.9,trailing_stop,5,5,9.2593,0.2778,78499.45817531316,78461.72082573043,78441.86,75,58,900,900
2026-04-27T00:32:04.924Z,Scalp Force 15m,btc-updown-15m-1777249800,15,DOWN,0.53,0.52,2026-04-27T00:31:28.006Z,2026-04-27T00:32:04.924Z,36.9,trailing_stop,5,5,9.434,-0.0943,78499.45817531316,78456.74,78447.4,75,58,900,900
2026-04-27T00:37:52.245Z,Scalp Force 15m,btc-updown-15m-1777249800,15,UP,0.53,0.77,2026-04-27T00:35:38.005Z,2026-04-27T00:37:52.245Z,134.2,tp_trailing_stop,5,5,9.434,2.2642,78455.79,78507.18538883585,78481.34,75,58,900,900
2026-04-27T03:50:24.626Z,Scalp Force 15m,btc-updown-15m-1777261500,15,DOWN,0.535,0.775,2026-04-27T03:47:04.549Z,2026-04-27T03:50:24.626Z,200.1,tp_force_fail,5,5,9.3458,2.243,79256.44791,79208.31820553081,79209.58,75,58,900,900
